{"cameraMode":{"drawMode":0,"name":"Shaded","section":"Shading Mode"},"sceneLighting":true,"audioPlay":false,"sceneViewState":{"showFog":true,"showMaterialUpdate":false,"showSkybox":true,"showFlares":true,"showImageEffects":true,"showParticleSystems":true},"in2DMode":false,"pivot":{"x":-14.102627754211426,"y":-2.9244067668914797,"z":-36.21051025390625},"rotation":{"x":-0.1050899550318718,"y":0.02265290543437004,"z":-0.002413541078567505,"w":-0.9942254424095154},"size":140.3433074951172,"orthographic":false}