{"cameraMode":{"drawMode":0,"name":"Shaded","section":"Shading Mode"},"sceneLighting":true,"audioPlay":false,"sceneViewState":{"showFog":true,"showMaterialUpdate":false,"showSkybox":true,"showFlares":true,"showImageEffects":true,"showParticleSystems":true},"in2DMode":false,"pivot":{"x":-33.192447662353519,"y":2.3820552825927736,"z":-31.082550048828126},"rotation":{"x":0.00568374153226614,"y":-0.43305447697639468,"z":0.002742521231994033,"w":0.9013774394989014},"size":2.2738730907440187,"orthographic":false}