{"cameraMode":{"drawMode":0,"name":"Shaded","section":"Shading Mode"},"sceneLighting":true,"audioPlay":false,"sceneViewState":{"showFog":true,"showMaterialUpdate":false,"showSkybox":true,"showFlares":true,"showImageEffects":true,"showParticleSystems":true},"in2DMode":false,"pivot":{"x":592.8138427734375,"y":95.72224426269531,"z":150.69033813476563},"rotation":{"x":-0.19095434248447419,"y":-0.043284352868795398,"z":0.008328411728143692,"w":-0.9806646108627319},"size":387.2293701171875,"orthographic":false}