{"cameraMode":{"drawMode":0,"name":"Shaded","section":"Shading Mode"},"sceneLighting":true,"audioPlay":false,"sceneViewState":{"showFog":true,"showMaterialUpdate":false,"showSkybox":true,"showFlares":true,"showImageEffects":true,"showParticleSystems":true},"in2DMode":false,"pivot":{"x":22.580913543701173,"y":3.733909845352173,"z":-56.64501953125},"rotation":{"x":-0.011471813544631005,"y":0.7021708488464356,"z":0.011420776136219502,"w":0.7119399905204773},"size":0.848576009273529,"orthographic":false}