{"cameraMode":{"drawMode":0,"name":"Shaded","section":"Shading Mode"},"sceneLighting":true,"audioPlay":false,"sceneViewState":{"showFog":true,"showMaterialUpdate":false,"showSkybox":true,"showFlares":true,"showImageEffects":true,"showParticleSystems":true},"in2DMode":false,"pivot":{"x":-35.55728530883789,"y":-124.97469329833985,"z":4.867959499359131},"rotation":{"x":-0.5390260219573975,"y":0.021082425490021707,"z":-0.013906983658671379,"w":-0.8420773148536682},"size":107.94255828857422,"orthographic":false}