{"cameraMode":{"drawMode":0,"name":"Shaded","section":"Shading Mode"},"sceneLighting":false,"audioPlay":false,"sceneViewState":{"showFog":true,"showMaterialUpdate":false,"showSkybox":false,"showFlares":true,"showImageEffects":true,"showParticleSystems":true},"in2DMode":false,"pivot":{"x":-0.01953043043613434,"y":0.87943035364151,"z":0.03317445516586304},"rotation":{"x":-0.0766800194978714,"y":-0.03797717019915581,"z":0.002977621043100953,"w":-0.9963991641998291},"size":8.128196716308594,"orthographic":false}