{"cameraMode":{"drawMode":0,"name":"Shaded","section":"Shading Mode"},"sceneLighting":true,"audioPlay":false,"sceneViewState":{"showFog":true,"showMaterialUpdate":false,"showSkybox":true,"showFlares":true,"showImageEffects":true,"showParticleSystems":true},"in2DMode":false,"pivot":{"x":3.2650070190429689,"y":1.2591718435287476,"z":-38.57269287109375},"rotation":{"x":-0.026105349883437158,"y":-0.7225529551506043,"z":0.027338163927197458,"w":-0.6903096437454224},"size":14.142135620117188,"orthographic":false}