{"cameraMode":{"drawMode":0,"name":"Shaded","section":"Shading Mode"},"sceneLighting":true,"audioPlay":false,"sceneViewState":{"showFog":true,"showMaterialUpdate":false,"showSkybox":false,"showFlares":true,"showImageEffects":true,"showParticleSystems":true},"in2DMode":false,"pivot":{"x":0.006283998489379883,"y":1.440053939819336,"z":0.9947261810302734},"rotation":{"x":-0.06762051582336426,"y":0.7657546997070313,"z":-0.6343382596969605,"w":-0.08162972331047058},"size":8.554708480834961,"orthographic":false}