{"cameraMode":{"drawMode":0,"name":"Shaded","section":"Shading Mode"},"sceneLighting":true,"audioPlay":false,"sceneViewState":{"showFog":true,"showMaterialUpdate":false,"showSkybox":true,"showFlares":true,"showImageEffects":true,"showParticleSystems":true},"in2DMode":false,"pivot":{"x":470.6375427246094,"y":144.59710693359376,"z":420.93896484375},"rotation":{"x":0.05562397465109825,"y":0.07480920851230622,"z":-0.0041791596449911598,"w":0.9956388473510742},"size":829.0281982421875,"orthographic":false}