{"cameraMode":{"drawMode":0,"name":"Shaded","section":"Shading Mode"},"sceneLighting":true,"audioPlay":false,"sceneViewState":{"showFog":true,"showMaterialUpdate":false,"showSkybox":true,"showFlares":true,"showImageEffects":true,"showParticleSystems":true},"in2DMode":false,"pivot":{"x":34.061893463134769,"y":1.1490039825439454,"z":-58.12322235107422},"rotation":{"x":0.1492849737405777,"y":0.8090528845787048,"z":-0.2335176318883896,"w":0.518453061580658},"size":2.640862226486206,"orthographic":false}