{"cameraMode":{"drawMode":0,"name":"Shaded","section":"Shading Mode"},"sceneLighting":true,"audioPlay":false,"sceneViewState":{"showFog":true,"showMaterialUpdate":false,"showSkybox":true,"showFlares":true,"showImageEffects":true,"showParticleSystems":true},"in2DMode":false,"pivot":{"x":631.8844604492188,"y":224.2433624267578,"z":-185.63192749023438},"rotation":{"x":-0.08271422237157822,"y":0.005079429596662521,"z":-0.0004220812697894871,"w":-0.9965643882751465},"size":358.7784423828125,"orthographic":false}