{"cameraMode":{"drawMode":0,"name":"Shaded","section":"Shading Mode"},"sceneLighting":false,"audioPlay":false,"sceneViewState":{"showFog":true,"showMaterialUpdate":false,"showSkybox":false,"showFlares":true,"showImageEffects":true,"showParticleSystems":true},"in2DMode":false,"pivot":{"x":-5.960464477539063e-8,"y":0.0755070298910141,"z":4.76837158203125e-7},"rotation":{"x":-0.5403993129730225,"y":-0.003579396056011319,"z":0.0022479137405753137,"w":-0.8414304852485657},"size":2.829434871673584,"orthographic":false}